DenoiserType,Parameter,Channel,PSNR,SSIM,Runtime,RAM Usage
Gaussian,sigma=2.5,0,34.627195762703366,0.9374723847868839,0.0038346052169799805,2.484375
Gaussian,sigma=2.5,1,34.885744006494164,0.8938805414458713,0.003348112106323242,0.75
Gaussian,sigma=2.5,2,34.506436960316236,0.8804811698566315,0.0033185482025146484,0.375
Gaussian,sigma=3,0,33.707095320988756,0.9343825460347597,0.003564596176147461,0.6171875
Gaussian,sigma=3,1,33.66089180485257,0.8932222460189372,0.0037000179290771484,0.2421875
Gaussian,sigma=3,2,34.309938019913155,0.9016958019472594,0.0037909746170043945,0.0703125
Gaussian,sigma=3.5,0,32.9756139749676,0.9269379852310012,0.00394892692565918,0.140625
Gaussian,sigma=3.5,1,35.064956830929106,0.8910832996922748,0.004085063934326172,0.5
Gaussian,sigma=3.5,2,33.08230878346654,0.9136424024023849,0.004320979118347168,0.3984375
