DenoiserType,Parameter,Channel,PSNR,SI-PSNR,SSIM,Runtime,RAM Usage
NL-Means,Default parameters,0,22.998131164567237,30.512743018308676,0.7690304061194543,0.620837519566218,5.49140625
NL-Means,Default parameters,1,21.645883961316187,30.62679984727753,0.6958980534803275,0.6279476781686147,5.056510416666667
NL-Means,Default parameters,2,23.61235267931455,33.67106678838656,0.7822565639781253,0.6196486314137777,3.5444010416666667
