DenoiserType,Parameter,Channel,PSNR,SI-PSNR,SSIM,Runtime,RAM Usage
Noise2Void,Default parameters,0,22.83852152776793,29.552695614512107,0.7083569911978264,66.05712388157845,-86.416015625
