DenoiserType,Parameter,Channel,PSNR,SI-PSNR,SSIM,Runtime,RAM Usage
Median,size=10,0,29.94914054290534,33.264034481335734,0.9185770669177018,0.2868295907974243,-4.671875
Median,size=10,1,34.34986756610342,34.89813435647322,0.8617258212216536,0.29410243034362793,1.59375
Median,size=10,2,31.59883457241072,34.763899296679135,0.8619020174151064,0.2973240613937378,0.2734375
Median,size=5,0,31.144626740264812,33.59954181174888,0.8825789663301307,0.09940719604492188,3.8359375
Median,size=5,1,31.64262703393332,33.1724042985477,0.7877096387393001,0.08862745761871338,0.0390625
Median,size=5,2,30.005018669514087,31.250301367198745,0.6697879909091544,0.09038662910461426,0.0703125
Median,size=8,0,32.73553409673336,34.033245044075684,0.9213118958086581,0.192488431930542,-4.1484375
Median,size=8,1,33.233992822881575,34.86890799347089,0.8522591677872811,0.20039355754852295,0.2578125
Median,size=8,2,32.25205360304575,33.86654798699138,0.819483590697031,0.240278959274292,0.0390625
