DenoiserType,Parameter,Channel,PSNR,SI-PSNR,SSIM,Runtime,RAM Usage
Median,size = 2,0,24.361486321354437,27.005668839103684,0.6393031497092782,0.007651080687840779,0.6813802083333333
Median,size = 3,0,23.987641196272765,30.24344648911404,0.7820455763628028,0.026401893297831217,0.9165364583333333
Median,size = 5,0,23.901943563221344,33.49692453735202,0.8353611657817531,0.08459386428197226,0.7544270833333333
