DenoiserType,Parameter,Channel,PSNR,SSIM,Runtime,RAM Usage
Median,size=10,0,29.86842491754996,0.9183852423769063,0.29547345638275146,-6.0
Median,size=10,1,32.679257453773964,0.8617983915913237,0.2985994815826416,0.2265625
Median,size=10,2,33.4574306991432,0.8599084569918138,0.29305851459503174,0.015625
Median,size=5,0,31.69037325799456,0.8830579934485604,0.08475947380065918,3.015625
Median,size=5,1,32.30680811550242,0.7930115941071,0.08643031120300293,0.0625
Median,size=5,2,28.697653713563483,0.6837082209739385,0.08708500862121582,0.2578125
Median,size=8,0,31.87644287063489,0.9207126017632904,0.1901099681854248,0.2265625
Median,size=8,1,32.43282639679258,0.8535963123574217,0.1952650547027588,0.5859375
Median,size=8,2,32.05602401176325,0.8174389964658111,0.19891011714935303,0.265625
