DenoiserType,Parameter,Channel,PSNR,SI-PSNR,SSIM,Runtime,RAM Usage
Wavelet,Default parameters,0,23.241999069871046,25.48059123058723,0.6439860974659435,0.009557205438613891,6.122265625
Wavelet,Default parameters,1,21.723650192299672,25.706276138958717,0.5727640050877042,0.010025068124135336,7.301822916666667
Wavelet,Default parameters,2,24.160539807090586,28.167466115279897,0.6560575044909335,0.00873100757598877,5.544791666666667
