DenoiserType,Parameter,Channel,PSNR,SI-PSNR,SSIM,Runtime,RAM Usage
Gaussian,sigma=2.5,0,34.488381617557735,35.23910529230966,0.9367926075059926,0.013097047805786133,3.1796875
Gaussian,sigma=2.5,1,34.709172940875284,36.50608240072748,0.8936382001911776,0.003733396530151367,0.671875
Gaussian,sigma=2.5,2,34.94812694068813,36.07138474820367,0.8818534899433034,0.00477755069732666,0.3671875
Gaussian,sigma=3,0,32.874864515041594,34.38439001387568,0.9371403666228488,0.003714919090270996,0.40625
Gaussian,sigma=3,1,34.87832899613228,36.019524733184696,0.8938241973576929,0.00372469425201416,0.828125
Gaussian,sigma=3,2,36.063662242862506,36.457665279155535,0.9028977860136251,0.0038216114044189453,0.2578125
Gaussian,sigma=3.5,0,32.76389885444351,33.298584815563586,0.9267869795541768,0.00421905517578125,0.453125
Gaussian,sigma=3.5,1,34.90762691812343,35.553679161092305,0.8896278454430306,0.004407286643981934,0.59375
Gaussian,sigma=3.5,2,34.797504065289544,36.279611915203205,0.9130032943317853,0.004142403602600098,0.2578125
