DenoiserType,Parameter,Channel,PSNR,SI-PSNR,SSIM,Runtime,RAM Usage
TV-Chambolle,weight = 0.05,0,24.1139417593651,32.339939334890126,0.81845926758337,0.05323448975880941,27.248307291666666
TV-Chambolle,weight = 0.05,1,22.322011789146032,29.742480244800806,0.7140984345487412,0.0889768381913503,22.101041666666667
TV-Chambolle,weight = 0.05,2,24.38291639938548,31.566667044433583,0.7517581094674963,0.07638102769851685,20.823177083333334
TV-Chambolle,weight = 0.1,0,24.177073743109567,34.486251556531975,0.8228890821435487,0.07775097489356994,25.764713541666666
TV-Chambolle,weight = 0.1,1,22.348599694815505,32.54227213749354,0.7576032827110898,0.04790116548538208,22.8375
TV-Chambolle,weight = 0.1,2,24.236441212718248,34.454350717214766,0.7983787011765539,0.06309454242388407,20.061067708333333
TV-Chambolle,weight = 0.2,0,23.78450419131279,32.75024992785785,0.8007103188343333,0.11944836974143982,17.052864583333335
TV-Chambolle,weight = 0.2,1,22.226162522054498,32.55786551084871,0.7354248399080915,0.10079818765322367,25.142838541666666
TV-Chambolle,weight = 0.2,2,23.989469604245254,35.05326468403789,0.8019386218052935,0.1328287363052368,42.18736979166667
