DenoiserType,Parameter,Channel,PSNR,SI-PSNR,SSIM,Runtime,RAM Usage
Median,size = 10,0,32.09319031246471,33.19603661157832,0.9216418044946062,0.28846442699432373,-6.0703125
Median,size = 10,1,33.10241418325167,34.86507064844448,0.8631083138729558,0.29260754585266113,0.6796875
Median,size = 10,2,30.674627611655485,34.527016611395425,0.8608190606456982,0.30863702297210693,0.2890625
Median,size = 5,0,30.85772370710979,33.56122546975131,0.8809498445858839,0.08859682083129883,-0.6171875
Median,size = 5,1,32.205267875298766,33.25024594452781,0.7916903451468483,0.08879899978637695,0.2890625
Median,size = 5,2,30.114731042153807,31.163091913373293,0.6778285509680616,0.0858147144317627,0.2578125
Median,size = 8,0,31.945466454691108,34.14725718024752,0.9221732964935128,0.19300246238708496,-15.265625
Median,size = 8,1,33.12479282245131,34.77903608956892,0.8532741955326117,0.19773638248443604,0.21875
Median,size = 8,2,31.757557428716332,33.75737566820456,0.8184632590217527,0.20339059829711914,0.484375
