ImageIndex,Channel,PSNR,SSIM,Runtime,RAM Usage
001,0,31.55791472798734,0.8853990662442773,0.004454851150512695,3.578125
001,1,30.339937460631553,0.7821576635621921,0.0027701854705810547,0.75
001,2,27.840631268376505,0.7282349764605739,0.003033161163330078,0.578125
002,0,39.27207470563102,0.9760146141810577,0.0027272701263427734,0.0
002,1,38.765615318292134,0.9764726398749216,0.002723217010498047,1.0
002,2,35.5307119148712,0.9524043640084178,0.002650022506713867,0.0
