ImageIndex,Channel,PSNR,SSIM,Runtime,RAM Usage
001,0,21.368470483080113,0.3656079363703296,0.009547948837280273,3.875
001,1,18.779991862813528,0.22421575967438248,0.007402896881103516,0.546875
001,2,17.461895732993536,0.10202171190729364,0.007554769515991211,0.09375
002,0,28.78682751092874,0.7280521470644855,0.007479667663574219,0.0
002,1,29.730752608123886,0.7647827288336715,0.0074329376220703125,0.5
002,2,26.37009529410204,0.542705517680152,0.0077800750732421875,0.0
