Image,Channel,PSNR,SI-PSNR,SSIM
001,0,19.944413138934614,30.517673854320613,0.7957532576576783
