DenoiserType,Parameter,ImageIndex,Channel,PSNR,SI-PSNR,SSIM,Runtime,RAM Usage
NL-Means,Default parameters,001,0,-0.762724193085105,26.06476343021957,9.535798427470066e-05,0.5907161235809326,8.203125
NL-Means,Default parameters,001,1,-0.5073195267082821,29.397687934210612,0.00010368535058298076,0.5854382514953613,13.5
NL-Means,Default parameters,001,2,-2.6815157236996976,33.18873772487071,7.500087071957556e-05,0.581427812576294,1.140625
NL-Means,Default parameters,002,0,8.873706078695731,30.421257524229762,0.0011745731897982662,0.5790300369262695,10.28125
NL-Means,Default parameters,002,1,10.948661810752027,34.93297614763798,0.004144355082357934,0.5820708274841309,0.046875
NL-Means,Default parameters,002,2,7.808112580640722,34.36678759266419,0.0011004676579036946,0.57985520362854,9.0
