DenoiserType,Parameter,ImageIndex,Channel,PSNR,SI-PSNR,SSIM,Runtime,RAM Usage
Noise2Void,Default parameters,001,0,19.670048582145128,32.38022037042586,0.7992578002492509,1907.5910251140594,-75.21875
