DenoiserType,Parameter,ImageIndex,Channel,PSNR,SI-PSNR,SSIM,Runtime,RAM Usage
Wavelet,Default parameters,001,0,-0.7627245170236058,21.858957491003352,9.515432004871221e-05,0.01465606689453125,10.484375
Wavelet,Default parameters,001,1,-0.5073182603288917,20.63004168868144,0.0001037416746606233,0.011230945587158203,9.890625
Wavelet,Default parameters,001,2,-2.68151723117058,21.64994651718526,7.477891772077933e-05,0.010386943817138672,7.90625
Wavelet,Default parameters,002,0,8.873709591518777,27.291666223550052,0.0011745429773405457,0.00923919677734375,10.59375
Wavelet,Default parameters,002,1,10.94866207228411,29.170220062385606,0.004144120696216846,0.009228944778442383,7.34375
Wavelet,Default parameters,002,2,7.808115442811437,27.11280539797189,0.0011006437731024062,0.009480953216552734,8.734375
