DenoiserType,Parameter,Channel,PSNR,SI-PSNR,SSIM
median_filter,5,0,32.60315250767998,33.438327378713325,0.8658441999230777
median_filter,5,1,26.187285846300778,30.705180632852276,0.68942526603898
median_filter,5,2,30.104320526374842,31.861709004413953,0.6956276690206219
median_filter,8,0,31.085812117148247,33.24174274737261,0.8952942039215103
median_filter,8,1,23.16411978648582,31.50851227145612,0.7281465299533755
median_filter,8,2,29.795241750389913,33.636515466855215,0.7892068234938087
median_filter,10,0,29.481906506851853,32.318501294074025,0.8885326662605686
median_filter,10,1,21.64537036880396,31.245356004476935,0.7217433782705375
median_filter,10,2,28.722120499309533,33.856786928022196,0.8116718455802993
